Id,Prediction
0,65052.98167346578
1,64893.97050150232
2,65150.20133760331
3,67399.7117027796
4,64968.999118235064
5,61044.809439689554
6,63522.88379109135
7,65656.24858831638
8,64797.349314089646
9,62996.649765117225
10,66751.3180300296
11,63347.4533488677
12,63778.39445200212
13,63712.128517284174
14,65498.137769728695
15,67925.65154057521
16,62925.505168589196
17,67889.05702812984
18,63596.94942008334
19,66735.49711434712
20,47841.48872203704
21,65132.15005766136
22,64092.9661683977
23,64143.62011930542
24,65490.29969987238
25,63555.629448499545
26,65013.01653398125
27,63798.609373030755
28,69044.65481647888
29,68732.9581574816
30,64449.86560665653
31,64670.347368699775
32,70248.71086511386
33,58693.62944115052
34,63702.45470672201
35,63047.945846652656
36,65893.21691277574
37,67344.77299279525
38,67620.37765149627
39,62065.89884176713
40,63629.57815376662
41,65660.55864546078
42,64045.818875879006
43,63804.502041921805
44,66234.37898131623
45,74083.2911323942
46,67640.33534062526
47,65534.79706611921
48,61355.008660179796
49,65586.88489326245
50,66306.48823167435
51,65179.08235556475
52,72389.25199387065
53,71545.31500621619
54,66697.57406434449
55,63914.05710655391
56,62866.57752612561
57,73730.17884375158
58,65862.70394023285
59,64120.91055078758
60,64083.13059961205
61,67157.49947989055
62,66199.19866679712
63,65040.97622602203
64,64197.017630311195
65,65186.058090634746
66,61760.05523126359
67,62131.72352213104
68,68336.58552913414
69,64954.30667780373
70,65016.96830642388
71,63343.973735334046
72,65111.78848882642
73,64106.238828113994
74,68138.48723392739
75,67819.69255616341
76,65654.358641968
77,66457.72047933756
78,68426.6898984558
79,65197.894904398214
80,63745.90283351185
81,64580.24581003444
82,67980.65426255035
83,63008.07821654466
84,63886.04484132478
85,67287.06615715027
86,64072.96522569463
87,62263.9216199302
88,66603.56908658128
89,64009.37112239511
90,65149.5898411646
91,64423.194348613906
92,64696.353040175905
93,66483.58730408526
94,63037.74965764214
95,63600.76601014289
96,62804.81957360155
97,63535.71198362153
98,67450.97219253913
99,66157.3122551337
100,65056.907049038084
101,66346.84691706329
102,64712.303730285086
103,62629.9628104029
104,66193.77840175355
105,64368.53909801072
106,61441.95139256438
107,66035.9547743841
108,63990.8737182038
109,66453.27810104699
110,64984.67716062624
111,59364.16640639742
112,66770.73191343022
113,64896.327962768126
114,61824.23373395357
115,61516.58384439748
116,66395.1526409311
117,67163.79086038208
118,65881.79011826447
119,66609.60644731915
120,66220.89711394458
121,63372.454006359636
122,66137.07382142622
123,66144.07898623186
124,65387.008906802126
125,65721.8469770744
126,61248.16272825039
127,63760.579135629276
128,63897.32649344766
129,60824.0171711468
130,63865.72834792352
131,65109.782022610205
132,63111.29368466389
133,63782.99150856775
134,62419.78243667888
135,53657.7214323048
136,64438.508803592864
137,64635.72680176524
138,59079.378160327455
139,59984.464698629046
140,62698.59929960378
141,60979.54018588921
142,60338.2008582617
143,61684.59950144392
144,63796.59709181744
145,64569.386177884495
146,64566.9865506348
147,61001.92645479027
148,61626.09319396974
149,64388.56880384186
150,64330.7450301007
151,61847.878053250126
152,64011.862576866595
153,65755.50110576875
154,66928.38752448009
155,60580.049311891315
156,67124.45649825243
157,67844.29470326338
158,67999.14877771391
159,62630.669928767165
160,67392.51848930994
161,67364.25050042721
162,63516.347465274725
163,59905.74619771264
164,62422.59495092076
165,55585.55484351603
166,65477.98557286743
167,68654.0295133149
168,64484.669066598464
169,63845.160078228364
170,66949.24970648873
171,67488.18042688942
172,67207.04342525266
173,63532.38339714729
174,62866.796371170596
175,65349.55093289162
176,65570.64457636498
177,65797.20146483992
178,65110.503551661735
179,66986.93092890491
180,72970.64318307785
181,70368.39070226095
182,69584.46118461297
183,63662.19471449844
184,63922.52040195526
185,66917.38373692795
186,64878.253169283635
187,58280.355564985
188,60850.23576080962
189,63050.18656688083
190,63172.71261196742
191,66628.08001612325
192,68505.50332668483
193,61866.69096041809
194,63243.206283318854
195,63632.21907522688
196,51516.77331147603
197,66434.78545434882
198,63026.21433556656
199,65768.87110699559
200,64378.95407806916
201,64903.86653798763
202,64302.71623636415
203,66266.04826439149
204,66239.0385558675
205,58995.057033740304
206,67555.69415990915
207,67469.5015848832
208,66545.691369779
209,62162.64287772069
210,61603.59871304066
211,64597.63223160508
212,64498.788233433486
213,62999.60930793565
214,59124.996239623506
215,60854.2609949393
216,63863.952305371364
217,62920.96131902216
218,67222.18634921074
219,66673.48784148894
220,66272.94641443115
221,65915.74557356621
222,64192.50765023117
223,64589.50189494576
224,69692.03125538342
225,71591.17595122819
226,71526.73184610039
227,69390.36823469913
228,63925.99186320232
229,67176.88542975103
230,57380.325611673674
231,65848.9505522089
232,66835.14011643057
233,65996.76466010565
234,69222.53633001819
235,69213.27803531365
236,63268.598140851056
237,65522.209168826805
238,63288.53749277351
239,64842.99163779004
240,57733.20761702241
241,61463.37588630174
242,62838.76535233678
243,63298.290939460116
244,65398.702507755006
245,64847.4279314139
246,69301.55455662917
247,65341.26093164248
248,67728.77455476343
249,66929.09924727776
250,66160.48403406699
251,68219.83169299699
252,63782.03114388303
253,67730.30549045955
254,68666.91747048771
255,68228.25823041203
256,46784.024021413294
257,64472.11526182688
258,61197.477717248745
259,59496.18430577646
260,65203.68662645994
261,60711.654425948625
262,66351.74016113632
263,62587.05875861591
264,64937.015858806444
265,64149.213883937075
266,66539.83761676023
267,65296.07931380956
268,66662.09091996319
269,67774.55891064198
270,64807.79667380632
271,67567.16423457096
272,65132.29438463897
273,67701.93814561729
274,65671.280318065
275,63359.94747317671
276,66750.31268989432
277,65166.26007351844
278,62943.99838800376
279,64021.94333080623
280,61371.589604223205
281,62869.013998757786
282,71380.69981092497
283,70531.1905878842
284,61359.048548520856
285,64840.13092604557
286,66479.04645826727
287,68612.76783645949
288,62704.258248078986
289,62169.21623227229
290,66567.10381995286
291,65788.47517159216
292,65918.0737242375
293,63289.38476116475
294,63561.904175973505
295,64308.826899403546
296,67012.97700534035
297,65392.91875033838
298,67710.02868340845
299,62581.95466591392
300,66813.59914920418
301,64107.30557433379
302,64666.404310005906
303,67410.9302242288
304,63768.75514943432
305,64095.06797264359
306,63786.69885636029
307,62316.51332579232
308,66436.03613100314
309,66715.44511126073
310,65969.78993683148
311,65750.40121438482
312,64746.40916975484
313,64435.03080152119
314,64896.565491530404
315,64022.18197176992
316,65257.859382437266
317,62682.51385862284
318,65391.95415916004
319,68478.02556022277
320,66623.97084964666
321,56589.3804774889
322,66735.90126516859
323,58306.716621317166
324,63222.926260205044
325,67379.93571872397
326,64854.77194531684
327,61449.27554970955
328,63174.9796598532
329,67502.06131745031
330,67020.45282863325
331,67752.37403129047
332,63965.53103918015
333,67480.23397169121
334,57011.847240584844
335,60413.853276192705
336,63356.22175127846
337,61416.36339260998
338,61924.08939651729
339,67549.4743036252
340,65449.02863384629
341,65140.11520348118
342,62349.34971723969
343,64892.79524642769
344,64587.30146466659
345,67337.9788654089
346,64761.17094305204
347,64508.37397487987
348,64004.53021616032
349,63081.721629698106
350,61616.686541399016
351,64506.14581675414
352,64319.71492679217
353,58612.7780826975
354,64340.51447246663
355,66113.50931604148
356,63738.57007460691
357,64149.910749230134
358,65565.63597079265
359,64605.92360906828
360,64039.27190505593
361,66271.17706505005
362,62186.39217959611
363,67115.69483329434
364,66610.47209744283
365,63061.12474721912
366,64233.20872937617
367,64724.86430533095
368,66438.98260781297
369,64396.074098157726
370,56262.63789385859
371,66470.45411270198
372,56366.732229226385
373,58209.39371157035
374,66994.6046560196
375,65432.13754713008
376,67942.90212100433
377,61876.25301157457
378,67142.79477122414
379,61731.40273423106
380,64874.40679803195
381,65266.82193026158
382,66489.75411892819
383,66976.0986410029
384,67137.5014998121
385,67262.71825076526
386,62008.06416314688
387,68516.7531604816
388,68593.55889014629
389,63430.621091642926
390,65868.81752284185
391,70042.7588843863
392,70993.24309018272
393,67846.8633951193
394,65792.23046478973
395,64960.02069070256
396,65616.71393727265
397,66392.42824648047
398,64498.5681829074
399,66375.59821681981
400,65031.20357536497
401,64983.65080229937
402,66666.66061937544
403,62364.904736085744
404,62730.765875427984
405,64158.45143345662
406,63811.90954666797
407,58279.93715762731
408,66163.94277254297
409,66836.77038468019
410,66913.38657823708
411,68097.0694105301
412,67777.89249139283
413,59153.2512399221
414,64987.7234614373
415,52410.979093099086
416,67166.4132923281
417,64359.668783976194
418,63852.528796263876
419,63820.860135097675
420,63992.33954249551
421,64647.78945014784
422,65155.80093080099
423,64366.87977528214
424,66488.4253304151
425,64624.27700635518
426,63889.52411145953
427,63340.98628194937
428,67364.48573966947
429,62476.01936524229
430,60770.5930416043
431,65538.9525377418
432,65810.82070403892
433,64484.36474293292
434,63878.133743201484
435,64343.57326324113
436,63825.21230032555
437,64779.13259254428
438,64223.72922006815
439,64535.61072355497
440,66297.21048663218
441,69652.24209042714
442,69513.97885171833
443,68886.88945202106
444,66164.85232003112
445,70626.05093212286
446,71121.33704017612
447,64318.40678510365
448,64537.207250599124
449,67864.98697036444
450,68547.66265355656
451,67997.21630025514
452,66685.8517951774
453,64436.11639503585
454,64711.12430802702
455,65831.77660142469
456,65083.127402436396
457,64532.9307048029
458,64054.86111991259
459,60826.047018364945
460,58937.077790241216
461,67183.00477459849
462,66100.0946144319
463,65201.467563317055
464,67650.8916107647
465,71102.10444606352
466,64265.40734639809
467,65818.36793919402
468,63570.9017049063
469,64204.16848714955
470,63826.63919788154
471,67662.43242462084
472,69362.92891073864
473,62976.19265464501
474,63597.33406222283
475,59728.713828855
476,64999.17869678741
477,67595.27839483797
478,63966.538238545734
479,65989.12897151476
480,63419.042382981876
481,64967.517380357844
482,62517.501384587114
483,65931.6563920083
484,64657.578168646316
485,66464.04657847245
486,63461.500112191774
487,65301.40059823646
488,65244.250617848214
489,67758.00533475292
490,69869.02157352908
491,69566.01341819705
492,69768.10877385244
493,64038.39378453765
494,64262.10477505173
495,62813.92873286516
496,63298.18721437923
497,64281.63517857753
498,61660.55499804193
499,63338.066628585
500,62620.124200901024
501,62343.55899935898
502,62150.09725078473
503,64913.536065736334
504,62590.15237447081
505,66547.29324633698
506,62337.4043707597
507,60948.70511913008
508,69104.19579288029
509,68585.99190441016
510,65769.84794135409
511,64547.379674050215
512,64608.75889177338
513,67866.70549688884
514,66774.19589871627
515,66294.18727330264
516,64108.86193175145
517,63635.146869033175
518,62694.55800469479
519,56660.7372721836
520,71555.92504181436
521,68073.51974539833
522,62638.23862907682
523,60311.91625937453
524,64095.45590903217
525,63091.14108084231
526,63018.21406295215
527,61922.61506396567
528,63354.13930380416
529,64106.72104076852
530,66938.39443550137
531,67699.52946828873
532,67066.63546133698
533,67777.4674617491
534,64805.72537866095
535,65910.57304170358
536,65642.58556386772
537,65808.15281414524
538,63048.50088065387
539,61323.41295295073
540,61973.7556107235
541,64693.39261782939
542,65184.4349722691
543,59849.707693123535
544,63721.906317717716
545,65550.48984957219
546,67549.15213283042
547,67099.97617892797
548,70531.72146360838
549,70135.47650106484
550,68222.42344198727
551,67912.2349260783
552,67707.70303897726
553,62530.051584084205
554,64566.00375496343
555,59865.96242843561
556,64283.7589709014
557,64279.77313948926
558,65111.97981936722
559,64615.54971315883
560,65352.2242560572
561,63753.31156819451
562,65012.768977283224
563,63780.4610047749
564,63970.82166202891
565,62751.02927638242
566,63072.35439051049
567,67071.54659861248
568,55055.742133661115
569,65226.71058642278
570,63732.48559886405
571,65447.54213152593
572,64670.577953131695
573,63369.43140515348
574,65405.53967774891
575,64638.594130002966
576,62592.65103179244
577,69396.43831051968
578,62891.519496365494
579,59686.24766814566
580,58541.35221415691
581,65101.69684977202
582,64094.115630052824
583,67145.36693666552
584,62383.838758804064
585,61811.01866297514
586,62280.7112388197
587,60778.37883066858
588,63163.083273002936
589,62438.97617039252
590,68106.96856496709
591,67960.28507183332
592,65852.88629390867
593,66924.07539648362
594,62176.00639082321
595,60496.99311432344
596,62498.701777528084
597,65926.8379539008
598,66893.07883720356
599,61462.90969620378
600,68660.448586965
601,66069.27577970363
602,64748.30457492884
603,66079.4113086758
604,64735.44309777988
605,64575.12846566084
606,61913.879365313376
607,62673.44048202061
608,66750.23417054633
609,64520.99180480196
610,63977.5574012467
611,60081.459891143204
612,63493.9115483647
613,61955.494141154006
614,61432.08383634341
615,63569.956615345276
616,61431.010878956804
617,65580.13012298426
618,67178.23530591451
619,66937.13179323694
620,71605.07857237669
621,70995.8563695692
622,67933.24459768983
623,67963.48186868324
624,68097.79179233921
625,59396.67135598458
626,67767.22397772473
627,66580.14036804899
628,64523.727542789406
629,63929.36958697393
630,73853.40010588488
631,62385.76711186415
632,65616.43314277809
633,66321.35163982544
634,65626.78851071617
635,66979.05082558437
636,68788.8511086004
637,67359.61241768752
638,62429.515627253175
639,63015.29999563642
640,60653.17964842259
641,59432.95734689741
642,62827.074939476646
643,65608.32535611739
644,65042.304132705176
645,62770.279895381056
646,65404.45106771926
647,65430.606225584816
648,68640.53836922336
649,62326.68975772276
650,68568.06286688193
651,62316.44601814376
652,65225.58283166026
653,65709.62535400799
654,56705.73278336422
655,64593.23194077534
656,63110.77866698634
657,65650.51429022728
658,64475.2269047246
659,64634.90787383882
660,62224.814898460805
661,62742.25820751136
662,61660.23662323311
663,60834.637394720514
664,62884.27993340127
665,63469.61376409751
666,67998.82676490207
667,67130.98341008555
668,73964.55614371435
669,71168.34542414584
670,60060.16025847575
671,67219.13546227862
672,66861.59616303482
673,67541.27385854418
674,65486.98669670738
675,59214.6500075619
676,59417.3800246381
677,66074.8300822714
678,65847.7222429234
679,64742.827893514026
680,63220.64304558648
681,61313.24663825294
682,63877.082332870006
683,63695.459966087205
684,65989.6901710261
685,65625.56729903897
686,65652.74893255296
687,65064.8673506762
688,66863.73415370798
689,66595.50504558091
690,66188.96248469972
691,56595.98602531177
692,65039.47530568071
693,65412.68213092572
694,46863.55421473103
695,64470.98038393565
696,66693.4388739037
697,62857.90543935738
698,67827.48507249163
699,67070.98039758528
700,70240.90440984917
701,69833.95014922574
702,56844.1835214919
703,67442.82204763385
704,63613.75580465007
705,63854.77485121568
706,65180.971493367666
707,62971.34928788993
708,64310.305039275816
709,65021.53743013888
710,64559.15379375627
711,63437.03518414047
712,62830.21388170865
713,65405.65648186396
714,64194.7617285147
715,66487.00397957448
716,64228.3977989163
717,68317.29440567139
718,67368.20901358569
719,69397.43184895834
720,62455.14967285949
721,62012.134968287486
722,64308.53712690827
723,64604.81642169321
724,64176.3606885121
725,63448.33656329954
726,58649.172037362645
727,62322.29704733541
728,67078.49542275578
729,63869.844379353744
730,67069.52881357179
731,63081.67490931298
732,64739.07557260376
733,61553.39995243371
734,62369.99981955142
735,67683.12230466072
736,65500.910428540854
737,64372.64932030586
738,64271.03089307111
739,63896.3495637523
740,62312.47876853416
741,63338.436159669625
742,65325.22895074072
743,65781.4893586252
744,63186.72569116962
745,63657.95504877661
746,65623.95671339743
747,64216.94017156159
748,67683.75879692545
749,63704.75794594204
750,64528.62044237151
751,63737.344255214935
752,64578.40923598196
753,63675.023846518176
754,60689.816203737835
755,62424.77464769696
756,62375.45518827494
757,66452.3094893078
758,68152.09196476643
759,71937.75955544763
760,71650.06178385604
761,71876.90972896694
762,70288.28476553495
763,68048.7361125468
764,70824.20083441668
765,66961.36898273241
766,55291.30358828339
767,64675.85919819375
768,67494.80472159752
769,66832.15159750095
770,64453.79763941416
771,58112.04261231004
772,63599.83384175319
773,62137.29708114515
774,62455.96880902075
775,70438.60206352091
776,65383.063958539366
777,66041.93977438408
778,54011.91187019293
779,68627.66469443002
780,66215.74408132836
781,65951.35157436525
782,62181.95517915276
783,60701.160659728135
784,64630.47468443366
785,64653.2045367955
786,62369.00357932551
787,63390.86056941649
788,62151.02919461513
789,65309.857327717094
790,66508.6983303737
791,65037.87106662463
792,66455.07284333368
793,64450.66945089061
794,65215.16015064859
795,64968.62752081237
796,67867.5610045204
797,67215.0486115343
798,64995.843026404735
799,67569.57365013708
800,66304.65190705005
801,66626.88071672113
802,56530.99352039728
803,65386.396571864185
804,62381.8008393727
805,71913.51809664362
806,69320.92375395907
807,67631.02577587267
808,68792.76363059103
809,63900.42785365728
810,65548.2305752279
811,67423.3784393243
812,66099.91244013625
813,67224.16648684067
814,67423.07793798766
815,66657.29451174573
816,68747.37363191892
817,67201.522498922
818,67231.28379772544
819,64507.5007426883
820,64079.09086487777
821,64192.93100351695
822,65941.2044814206
823,65295.97391775098
824,65485.47788608835
825,64971.234925535624
826,66110.63045684283
827,65612.44199746544
828,63377.16091816646
829,55047.83041301927
830,60002.11719610992
831,63450.866298812005
832,64209.485953221796
833,63085.91821966003
834,66534.54487750278
835,58251.673541220196
836,66467.6098534756
837,66094.74232746838
838,62818.48672376727
839,55867.12554659783
840,53375.80754052196
841,65544.59366550471
842,65176.07684140517
843,65041.53526109144
844,65255.69009971504
845,65764.81463751306
846,64756.4702538453
847,65126.944462140076
848,64033.74589627456
849,64837.18272081801
850,72346.33382892235
851,70460.46354698468
852,64339.24497743414
853,63668.413066432404
854,64533.36743658576
855,64983.25137174558
856,65458.677034470704
857,65165.08324060605
858,64977.0445651941
859,66314.28241057378
860,64507.69954453579
861,64977.8629153051
862,59531.28765269404
863,63705.98150906841
864,64986.07365805724
865,63807.14514056036
866,65941.87852107635
867,67284.34129001462
868,64166.69506142242
869,65393.945218907014
870,66206.1887678914
871,65027.74270433521
872,64161.53196982748
873,63848.40628006396
874,61828.091745030295
875,64676.89019774254
876,64387.62992107791
877,64747.821510619746
878,58276.686376292506
879,61486.08006107353
880,62615.46544273466
881,62045.17824932533
882,65105.97383492993
883,67667.22012086859
884,66787.09980184629
885,57560.82865175268
886,64412.54503452676
887,64185.56493392288
888,64452.91228934561
889,63758.044309206045
890,57642.814750659265
891,60924.56867104843
892,62633.49771713136
893,62958.13022241596
894,62146.538273902566
895,62091.90515581699
896,64862.186133281095
897,63114.37635389829
898,65423.177435454614
899,63406.21679623237
900,69167.86588918002
901,61614.74684028272
902,64738.57757378029
903,63588.53966824865
904,64009.774057066956
905,65230.92431390248
906,64258.698550301095
907,63135.07397351766
908,67062.37866224041
909,55272.87333465701
910,56497.08288193958
911,59581.94771113167
912,64234.489347388735
913,63276.65916518573
914,61006.130037648065
915,59357.978628968274
916,65923.43459400427
917,59511.4446591435
918,70806.97163367576
919,72125.59958780392
920,67092.89483577793
921,65690.1387804798
922,67591.39560892162
923,65442.380262018145
924,64287.98163429042
925,66493.68440259832
926,62119.813769573506
927,60856.112845538795
928,62771.30294463451
929,62571.586234571456
930,64797.298327321536
931,64753.46030321534
932,64998.50769599984
933,65374.04409230864
934,64952.28215798363
935,67764.71889206886
936,58414.236273170114
937,65416.17368964288
938,64752.24490338093
939,62589.16950506807
940,62778.8577376358
941,64690.98046841085
942,63408.725376101924
943,63141.427067490935
944,66082.35549939529
945,54139.87455769084
946,52326.72514503454
947,63991.45333918922
948,64716.07101596694
949,64626.15042899283
950,64607.31260900882
951,66641.96129348254
952,65869.88398514366
953,72510.78534325957
954,59476.04780492813
955,65450.59177619959
956,65005.38656600776
957,66732.04056948557
958,58775.56748630836
959,61091.21355737574
960,61644.27266270365
961,56958.55784483994
962,64968.454798435414
963,68342.50421133141
964,65782.53692901027
965,59718.813001563874
966,67183.2521853263
967,65699.76656630286
968,67454.76142672103
969,65178.482589973624
970,67194.9613382124
971,66996.14899728025
972,66714.5855891137
973,67274.94643286901
974,58395.69507659403
975,67956.63898879828
976,69099.97045644745
977,61491.341860843306
978,59606.5055087833
979,63360.50010877724
980,62889.63404971094
981,66660.7125869029
982,56905.09238057592
983,66053.44721562829
984,65256.44562064825
985,68733.78304140235
986,68799.07678166957
987,58767.12652419383
988,64525.591888893076
989,58044.92020530574
990,66129.02491397256
991,67710.76928500025
992,68051.03880508227
993,67471.73900405958
994,68007.61324261113
995,63920.66073085823
996,64217.92266602778
997,63325.89059306437
998,64651.79986764367
999,65228.615550954244
1000,65577.53363868495
1001,67935.6518209673
1002,66037.68681142601
1003,68529.10197155226
1004,67170.91528574386
1005,67079.89553621782
1006,66018.44637993819
1007,59980.66576778257
1008,63441.99640942673
1009,63516.70066200294
1010,63315.529451967916
1011,64318.218737714626
1012,66877.35599665224
1013,63457.4125691152
1014,59449.5461498796
1015,60451.155344456245
1016,60182.966260379704
1017,64289.89833116952
1018,68460.56012617824
1019,70277.35309611048
1020,73111.49674691688
1021,69668.00158816722
1022,70538.12393237998
1023,67056.06175791452
1024,63775.899458873886
1025,59238.25006428039
1026,62532.1426743068
1027,69261.59192192694
1028,69063.06576345667
1029,56084.34075215519
1030,66972.3492527765
1031,66592.542458993
1032,55750.527829037936
1033,67314.90961333313
1034,66538.31425282054
1035,65603.42837689215
1036,66672.09622360891
1037,63487.39935794695
1038,62366.87524927992
1039,65218.730045586264
1040,69341.6799565127
1041,70649.16994595644
1042,58692.74314776277
1043,71907.62479130758
1044,68615.79304470093
1045,66966.6108807089
1046,65536.3622669733
1047,63889.96711166359
1048,66031.69461319587
1049,65787.5795620893
1050,55578.816161762035
1051,67376.55618076741
1052,68048.07286077634
1053,66529.1662447294
1054,62009.961769990885
1055,62841.293912132605
1056,63514.641340804126
1057,64000.286754718676
1058,65530.69254197154
1059,64233.94062317078
1060,65502.91250890924
1061,66610.00644970222
1062,65080.680972286296
1063,65224.52228255416
1064,60192.66676985843
1065,60743.221362665354
1066,64177.813926490184
1067,64541.26831446834
1068,63766.33771360816
1069,64718.36898474656
1070,67484.53939595442
1071,65519.237930234245
1072,64947.462897682686
1073,68173.89700879414
1074,62067.096419830224
1075,66567.26717562677
1076,63578.752227067554
1077,63230.127472440035
1078,64622.72201115587
1079,63834.97630488685
1080,65342.242526641974
1081,65204.01924043165
1082,62499.11699569214
1083,65051.12021084747
1084,54610.556587320316
1085,53525.90542134449
1086,68134.47873190447
1087,66946.66315714855
1088,67260.45710635421
1089,69339.2565013142
1090,63758.37460548671
1091,63157.68959394595
1092,63568.3443587138
1093,62934.50614796012
1094,63243.24042482932
1095,63505.67392719639
1096,64234.06132292628
1097,54438.26745601512
1098,62783.845485650345
1099,67611.10694455584
1100,65361.792091079216
1101,63784.93307212621
1102,66057.59201335468
1103,62264.790530153114
1104,62991.90829167761
1105,62942.786721741926
1106,63790.23815742122
1107,63702.05506711955
1108,56092.51242817199
1109,66047.94784848977
1110,60417.87038579212
1111,63146.08828007263
1112,66262.53774047343
1113,58446.42174449717
1114,62569.87914680228
1115,65073.329231407115
1116,67072.14116647078
1117,65378.69385733894
1118,63239.96508793412
1119,57784.690113885576
1120,61330.58332724888
1121,65903.80269364172
1122,68295.34233081495
1123,63375.67583608598
1124,63377.1468702303
1125,72351.98338081647
1126,71197.72884378929
1127,67121.10026984713
1128,67563.44430907696
1129,64052.73167398804
1130,60682.42339342559
1131,67034.37747207188
1132,58361.97311436154
1133,67887.16863948182
1134,64561.607810306814
1135,62408.543730643
1136,65880.31614036276
1137,63501.548176199205
1138,69853.47279771735
1139,69892.82370196984
1140,63074.35480579655
1141,64943.28988320239
1142,63145.67864990956
1143,65520.302664692856
1144,65089.277353346275
1145,68436.80073222562
1146,65881.11908356172
1147,66267.17644695652
1148,62932.10779165274
1149,60312.17881848426
1150,62527.76645257988
1151,65406.60917069765
1152,65615.15993703692
1153,56294.58631207781
1154,61473.52915990265
1155,63506.90964232203
1156,63106.18257692133
1157,64340.70655838758
1158,60715.689954350964
1159,62572.930588318515
1160,58622.38247155849
1161,62306.43983706586
1162,62071.95615953668
1163,66203.27644907238
1164,66574.19525210281
1165,65175.761237942956
1166,62762.07631135684
1167,63649.85101777688
1168,65486.5206990755
1169,70899.94652160059
1170,69004.1221889574
1171,65417.42632569505
1172,67545.23607713121
1173,73547.2149437628
1174,71246.01632214313
1175,68279.76455983424
1176,67785.96892810054
1177,64595.158884783435
1178,65212.62913820547
1179,64426.94511448608
1180,66831.77498086225
1181,62697.43084177964
1182,65739.58392674633
1183,67753.07341680716
1184,63420.84315348474
1185,61735.080781840836
1186,63952.788576298735
1187,64430.972177852556
1188,62455.50681601806
1189,60099.92938326477
1190,58448.80106012568
1191,65129.09520408612
1192,62237.7398060139
1193,67126.80041386244
1194,63497.03537457635
1195,65174.89095629695
1196,66199.556118565
1197,64694.339232655824
1198,64722.968429219036
1199,64680.095207936254
1200,64214.25099732378
1201,66526.41193199264
1202,66602.31989563073
1203,65820.6349611416
1204,66116.46194906197
1205,64771.58588405383
1206,58642.68701483217
1207,66969.53763584781
1208,68371.19435639941
1209,67182.77441227011
1210,56844.922533153294
1211,65851.30859667395
1212,63856.94959688374
1213,62497.87564450427
1214,67150.76766011638
1215,68364.2009014162
1216,69707.56694501071
1217,65580.14596060404
1218,65746.05679308424
1219,64488.302879297175
1220,63616.371292269156
1221,59104.2348664446
1222,63720.415450411696
1223,64205.471568104855
1224,66713.79053924567
1225,67468.37090889545
1226,63908.77578196998
1227,52350.37795709462
1228,65179.75670731323
1229,66308.92984728455
1230,62205.88837935426
1231,67953.85191830975
1232,62941.80271527477
1233,59643.65564923657
1234,60338.425876983165
1235,61307.04764693249
1236,62137.341539721536
1237,68651.89034850354
1238,66987.48897744023
1239,63416.64419664649
1240,66665.59345075117
1241,66044.5156594477
1242,65119.33962088067
1243,66877.16269495086
1244,68040.65510319834
1245,66609.04430519225
1246,66251.2953152863
1247,64656.824137616466
1248,65671.37182137865
1249,61909.11524186666
1250,60723.20570852181
1251,63439.84189330625
1252,62217.85943906628
1253,66588.02101205787
1254,67225.26150359135
1255,62514.39807047343
1256,63359.46917014462
1257,62768.94719730248
1258,63993.93443502032
1259,65449.55204719027
1260,68379.68379638866
1261,64398.06592883229
1262,65390.23848786959
1263,62468.93838364448
1264,62211.31352172433
1265,61848.69791176864
1266,62460.64978869711
1267,63341.62961239641
1268,63435.47375531131
1269,64415.00386785579
1270,61991.075934625194
1271,65958.67170362799
1272,63764.084777164746
1273,63019.99425116139
1274,63846.28474254938
1275,64563.03810564551
1276,64180.12257501668
1277,70300.58754291141
1278,71182.20790165663
1279,64577.12721847641
1280,65126.84951462164
1281,60448.176970085246
1282,61910.75356356756
1283,64453.60046784127
1284,67138.03176055948
1285,64766.722550878505
1286,66599.23939807032
1287,66069.23437458905
1288,67399.33946019005
1289,68267.86839807217
1290,64923.72135441014
1291,67851.4654183381
1292,60566.10826303104
1293,65619.52725093102
1294,60206.20420204778
1295,63505.58190785929
1296,68931.90623564897
1297,66142.57638734096
1298,70694.59683845192
1299,69076.09743160699
1300,65216.80744500495
1301,62042.840682651215
1302,65190.68559122991
1303,67380.364606333
1304,64944.36744139093
1305,61132.9605861481
1306,67809.46232388246
1307,71944.39548133325
1308,72486.86734289315
1309,71816.18652370377
1310,64728.31167580447
1311,65019.96331557002
1312,63575.41953855092
1313,63030.690201517486
1314,61829.211241606914
1315,68808.92190952296
1316,64214.548221795354
1317,68353.3386124431
1318,64581.45171290058
1319,64560.77821493283
1320,64906.97979048141
1321,68303.39663941035
1322,69523.58907251243
1323,57739.78831331566
1324,67156.4337884608
1325,67527.09520908468
1326,68505.45841393486
1327,65244.93853374015
1328,66216.27347516912
1329,62549.03860891807
1330,57728.41057505765
1331,58305.65910537315
1332,67405.18111098662
1333,62398.997100308094
1334,65702.13684495745
1335,67327.76684931906
1336,52676.07173733609
1337,61972.41689627865
1338,61783.807191151944
1339,65836.56987779087
1340,66646.4010056937
1341,61217.1660936733
1342,61422.921136175064
1343,63985.08914220804
1344,59073.75034851179
1345,56249.31058881601
1346,67150.27656446357
1347,63736.94352365215
1348,63298.75973153964
1349,63935.90280261502
1350,63633.36548414213
1351,66755.57890829138
1352,65171.270118006694
1353,63142.80862364094
1354,64986.711293287866
1355,62983.86460571073
1356,64005.15160380778
1357,67736.65177760218
1358,66690.96997738138
1359,68940.0154284957
1360,66687.81671403802
1361,58640.446483069776
1362,63070.849925527815
1363,62891.14462862922
1364,65327.16886418701
1365,65318.25427839426
1366,64390.00863594795
1367,64670.14377587217
1368,65226.25587032661
1369,68095.22065764281
1370,68977.08288902562
1371,65987.9004689857
1372,68534.76195181537
1373,67413.87014214815
1374,67334.31274439368
1375,67203.37575490514
1376,62897.87194280373
1377,62031.855402766014
1378,54551.522105661665
1379,54085.59442812222
1380,64891.0306986816
1381,63948.73740048657
1382,66506.68979010715
1383,65617.8779946099
1384,67006.59360935437
1385,59314.107403898044
1386,67524.12248468024
1387,67386.56943151735
1388,60816.1683846901
1389,60320.49803321917
1390,65563.97004383118
1391,66293.3713970873
1392,63859.41839627184
1393,64980.6290227234
1394,64815.733342239626
1395,65208.29906737931
1396,63158.885814784866
1397,63980.573024197016
1398,63002.12615349957
1399,60772.64512946604
1400,64676.931365426375
1401,64990.00014723258
1402,63634.98251197831
1403,63141.73054496749
1404,64061.35552165872
1405,60502.68810500625
1406,64365.00789804933
1407,62517.7008730501
1408,64969.09674173294
1409,64053.35278355894
1410,63823.48622622756
1411,63730.33986898935
1412,63466.95875361102
1413,63778.00147170354
1414,61692.13532416195
1415,64043.353261067496
1416,65819.38374206092
1417,60998.85134013085
1418,65224.459256558126
1419,62452.39972058567
1420,58022.95542826704
1421,66081.92737585821
1422,62793.34525755531
1423,68001.16095747428
1424,65821.12248645208
1425,64960.71143096624
1426,64394.12655328364
1427,64108.63613703901
1428,71257.26526067141
1429,70722.16459403203
1430,65118.87719719852
1431,67795.18705522858
1432,65128.25386187009
1433,65080.44329202988
1434,65950.67330603726
1435,65523.25453671519
1436,66949.40097309287
1437,67485.04592878195
1438,63966.28106493389
1439,65009.083165577315
1440,66252.04417032459
1441,62971.71913077774
1442,64332.1153379837
1443,63623.25978051424
1444,69839.5897024369
1445,67269.50037474738
1446,67421.68080495669
1447,66967.66099368647
1448,64045.94563020895
1449,66384.2891315734
1450,67090.03112602944
1451,61488.07703959083
1452,67290.54957073435
1453,66829.48239818265
1454,65485.00516017969
1455,66603.57754577175
1456,65813.21362973835
1457,66045.36047590309
1458,67743.1726656414
1459,66733.40624698624
1460,65411.11004142316
1461,63111.71167489331
1462,64499.582168796915
1463,65321.957232131055
1464,65109.817909364196
1465,71829.83332213733
1466,70551.15726635302
1467,65985.48860465013
1468,66536.99634346242
1469,61304.41473697542
1470,62783.05866082096
1471,62386.21257588966
1472,62490.290279581444
1473,60858.0945282385
1474,61577.57922857773
1475,65120.91744561387
1476,64105.76229924882
1477,63611.20011924479
1478,64351.60886169541
1479,49506.91252299507
1480,48309.64652443102
1481,62934.32893524396
1482,56703.12553804301
1483,65155.92524587203
1484,64240.50485681681
1485,66676.25603791847
1486,67572.62661987093
1487,68861.8495498279
1488,68626.04335145172
1489,61632.29863050675
1490,64991.43596116964
1491,65156.28582872566
1492,61239.75328391348
1493,65738.37787117553
1494,67756.87377366461
1495,60915.47472788594
1496,62519.24121799112
1497,62551.59993773888
1498,62503.19292507421
1499,62518.631699186524
1500,62348.6636965536
1501,62968.236553884475
1502,63066.20429575234
1503,65704.95853233323
1504,65557.90854666397
1505,62741.723596624885
1506,62728.651709818674
1507,64635.61190063659
1508,60709.7822010425
1509,64938.53532548815
1510,65007.68965345519
1511,65339.846272605006
1512,66821.89551934329
1513,62065.24825253701
1514,63163.89599859998
1515,66168.29995449487
1516,66081.01358490785
1517,62597.57811818293
1518,62020.513521266155
1519,62267.64584025221
1520,62137.84124857437
1521,68433.29420833195
1522,73804.24582252488
1523,67046.76866282648
1524,54873.443854105266
1525,64938.173227980435
1526,65135.10041464847
1527,62743.678383415085
1528,62362.79485778962
1529,67495.20782314279
1530,63416.23863804132
1531,63263.88031938981
1532,64610.38522868813
1533,64028.30476645102
1534,62166.033711294
1535,63011.086491395035
1536,64587.05494659989
1537,67052.98891206557
1538,69046.93577245256
1539,66553.441203638
1540,64929.32117497144
1541,66038.54399895502
1542,66904.60075752021
1543,72115.33664183269
1544,68654.84492504376
1545,63055.6936635839
1546,63231.239569783334
1547,61919.39231441169
1548,61893.65032515155
1549,66518.62894838597
1550,64875.60933592462
1551,66603.9538484636
1552,64407.16388429426
1553,65503.06966543318
1554,67329.66307808395
1555,64728.11706897567
1556,64503.95966691981
1557,65189.66422802163
1558,64038.65912719747
1559,66963.34630180705
1560,67831.13474452088
1561,60531.62231148718
1562,62621.622989863376
1563,62852.33630854895
1564,61526.42036409296
1565,69816.44137869964
1566,72952.68922503432
1567,64356.16657439067
1568,63850.9778817892
1569,68233.51543264162
1570,66520.5199654802
1571,65941.78672742983
1572,68178.90269942244
1573,71325.06482309499
1574,69240.883832425
1575,65513.46339520744
1576,63451.140066228225
1577,64778.5168174258
1578,65531.27410321833
1579,66862.93903519915
1580,65184.34787896488
1581,62076.21773294969
1582,67418.83915622614
1583,62829.27365834765
1584,64333.20082467736
1585,63780.287239940764
1586,62969.667813948545
1587,66479.19550833046
1588,67125.7234536414
1589,60503.25299336279
1590,59805.06550956881
1591,64284.04700389155
1592,62397.66993683463
1593,65000.77425368066
1594,65234.31719760145
1595,62797.68987771
1596,64585.762975823236
1597,64930.430111757334
1598,63954.22144290755
1599,65636.16014851464
1600,64635.77488195119
1601,64338.181580333374
1602,66295.42197063014
1603,63675.04449969497
1604,63690.70528660712
1605,64021.4902161131
1606,64459.806861637444
1607,61755.32173667441
1608,63775.001683650844
1609,63422.97195493936
1610,62922.58406169627
1611,66088.93577064684
1612,65422.68157055988
1613,58711.446094584564
1614,64131.79892632128
1615,68381.50513495243
1616,68163.90093713613
1617,65144.32653808649
1618,63281.45630337334
1619,68279.76942118468
1620,67017.0742036204
1621,64682.546880166294
1622,63321.0566375981
1623,63941.08123739543
1624,63322.874958314176
1625,63522.39645867168
1626,62440.62107834141
1627,69096.7543360756
1628,69575.16915576014
1629,64508.642136953786
1630,62482.807052650496
1631,67256.5713920226
1632,66695.41017213534
1633,64611.64763659712
1634,69686.52963948838
1635,70544.2840946893
1636,67679.15780548003
1637,67506.8443387922
1638,72521.4369553419
1639,71397.8308367008
1640,66584.9610590879
1641,64247.488906252445
1642,63157.764121721186
1643,65211.748380780045
1644,66327.23229137014
1645,64834.018709833195
1646,61981.777900030094
1647,64766.71815556499
1648,67253.97501289847
1649,66360.64936276549
1650,69021.75444361407
1651,67681.66646250107
1652,66200.91159567318
1653,67519.10363279167
1654,64857.94343988347
1655,69703.14472678302
1656,68027.92451497854
1657,61533.74298963812
1658,55776.71869378092
1659,66642.52338275217
1660,66760.81438299982
1661,66799.32726721374
1662,65279.49513831617
1663,63882.55478954202
1664,64570.766526497624
1665,64875.19809870838
1666,65479.716503819305
1667,64962.506898783155
1668,57405.06551661155
1669,55690.35628544416
1670,55903.34407410005
1671,60437.617956427
1672,67170.86875147512
1673,66320.65352210435
1674,64620.587250705525
1675,66907.14351742045
1676,64819.76972732022
1677,65914.9175867741
1678,64179.611405767384
1679,64498.63402431879
1680,64772.030292444935
1681,66684.40350854048
1682,61845.408387586926
1683,63367.529142102794
1684,67050.4989927957
1685,67936.7582090863
1686,67981.64594789178
1687,67430.08360950388
1688,66180.81866029429
1689,68110.51268949657
1690,68345.17966958019
1691,68400.71758592653
1692,65678.77304901049
1693,64317.90755225058
1694,64736.835900887556
1695,68867.49715134426
1696,61153.340937535526
1697,65150.21960911421
1698,65893.02896560905
1699,64324.48814273744
1700,63316.9749808255
1701,64796.211327053155
1702,64845.86970511834
1703,66482.86378951278
1704,67368.7005389813
1705,67596.67265400696
1706,66413.11626112647
1707,65008.160993820115
1708,64602.41181615727
1709,65260.686837382906
1710,61393.40087707747
1711,66402.55866539793
1712,65478.33858907338
1713,65230.07786412915
1714,60573.0273781375
1715,62792.508475379494
1716,62896.31024296921
1717,62085.089552671256
1718,64261.38144666092
1719,57143.13027265932
1720,60112.46389824823
1721,67760.36775184254
1722,67421.70113616658
1723,60863.53633227454
1724,65088.12753714512
1725,65903.36002689794
1726,67222.8997540421
1727,67943.10083332565
1728,69372.66079100629
1729,67730.18750821843
1730,58126.66367625039
1731,63982.62492818374
1732,63834.719850955385
1733,64368.29672791679
1734,63837.92877411182
1735,62099.04252495483
1736,66719.90536797256
1737,62068.48527725522
1738,62767.97021118644
1739,62801.08377922605
1740,63494.358138164214
1741,65457.023249920036
1742,66913.65176639645
1743,63962.22488801468
1744,66663.93184260657
1745,65807.06317046523
1746,64076.259924182435
1747,66429.17464575746
1748,63858.56361727796
1749,62452.09309006516
1750,65702.64283375071
1751,65100.0766896667
1752,67617.70893797994
1753,54997.99679279672
1754,66681.88126516859
1755,66162.04892192315
1756,65881.21347517137
1757,58694.033423978544
1758,62265.654835018395
1759,61464.05292093927
1760,64681.687464912735
1761,64569.66245118331
1762,61786.67659095986
1763,67920.88736214284
1764,69464.06973379926
1765,65696.82086278927
1766,65198.54599267313
1767,68144.01727763494
1768,59150.653492429374
1769,60541.93588448783
1770,62686.81389481194
1771,64318.328974234115
1772,65061.50570153405
1773,63502.10424762986
1774,63047.20071086782
1775,64968.602534069345
1776,65625.34451866624
1777,67322.49614398608
1778,65835.75941664472
1779,66326.98723904985
1780,65263.27827154285
1781,63302.69553775214
1782,65447.992637759104
1783,62879.255188931915
1784,64393.12560269225
1785,74013.92644403983
1786,73267.31831964593
1787,64585.36681060896
1788,66459.67857380628
1789,65221.121726561876
1790,63514.82780567499
1791,73059.57925739553
1792,70420.18608004342
1793,73307.91407158086
1794,71612.1883183071
1795,62805.956625092935
1796,65443.13009302315
1797,58450.78797733715
1798,62969.69812480116
1799,58841.045489085445
1800,63468.39055311828
1801,69541.72594527136
1802,68353.64388130752
1803,67850.83963585403
1804,67480.92988451858
1805,63922.17391064721
1806,65006.23796471869
1807,65222.24464251168
1808,67243.73290893523
1809,67885.02501618004
1810,56449.422176244974
1811,65282.81261145417
1812,68400.63993155125
1813,69290.4459871779
1814,63617.12006890864
1815,62482.494350691355
1816,65667.6210520062
1817,65136.919195310205
1818,65838.80517784916
1819,64621.08500775792
1820,64575.04335398832
1821,66352.42702914304
1822,65998.83586628779
1823,63824.87389437869
1824,64053.122562301054
1825,61130.090571238325
1826,68901.89067410174
1827,70857.5112978097
1828,63017.044533558685
1829,64209.31499230462
1830,62327.70515348767
1831,63742.94260360497
1832,65018.32950821884
1833,63434.13128706241
1834,59465.17894186183
1835,65445.33793687281
1836,63894.38223733603
1837,63412.56604136035
1838,64308.43833337388
1839,66145.45896918557
1840,65622.6608526263
1841,65372.967942698364
1842,64714.1374657571
1843,63439.3572930909
1844,66771.83102145093
1845,65863.10187724847
1846,64680.970612326186
1847,65129.85258462843
1848,68739.02459870095
1849,67781.51912851955
1850,74035.90997507834
1851,71720.00588638103
1852,61189.302281392505
1853,63650.05778089912
1854,62013.295347235224
1855,65684.65053823122
1856,67448.22326636722
1857,66008.32193259282
1858,66490.48420406299
1859,66951.1391565772
1860,63552.18621456975
1861,65940.98965700541
1862,64548.23117968325
1863,65793.39635683442
1864,71517.12384476626
1865,68537.35049230084
1866,64968.365649293744
1867,67135.65058651174
1868,73693.62232094075
1869,70848.87395504801
1870,70066.89298217712
1871,65381.86060827875
1872,65754.49449298141
1873,63420.62278850166
1874,65004.46335837896
1875,64820.69569012214
1876,62619.322919969025
1877,62800.98186686259
